SERIAL,CPU,MEMORY,DISK
1,2103.283734,2251.855001,25.766469
2,1503.755649,1506.539858,18.144288
3,1211.39467,1118.642192,11.928786
4,553.577427,451.976772,4.128523
5,1310.011057,719.536342,6.937485
6,877.144465,460.581754,4.677015
7,1609.955722,1166.628983,9.149257
8,2091.215611,2032.463527,13.4024
9,1325.378837,970.40806,11.691734
10,887.366539,696.553396,7.457916
11,1474.539955,725.626527,7.425494
12,1841.430441,937.060749,9.35346
13,1572.536782,1329.453007,15.372139
14,968.381458,669.740156,11.107035
15,2389.988421,1320.334763,9.733971
16,2926.675273,4413.115236,42.025489
17,1440.300319,875.79264,9.282208
18,2893.024049,2157.647369,18.473455
19,1801.956745,1668.628892,10.310129
20,1222.155694,969.332964,32.578383
21,3290.161355,2583.533276,51.436683
22,2377.025677,1484.40965,21.127444
23,1899.581847,1225.873489,11.787379
24,1802.449115,1361.873512,14.68113
25,814.797801,654.435888,6.314861
26,2079.990452,1447.967864,15.440512
27,4956.957788,3290.973486,48.712056
28,2599.772671,1981.993792,24.302801
29,4096.324075,5198.541227,56.082346
30,2555.429356,1819.980462,22.25907
31,1454.753956,1042.420189,14.337545
32,2916.212182,4189.215197,47.673551
33,1891.482874,1294.126207,28.527379
34,933.988473,632.762173,14.141387
35,4406.464653,5017.083695,54.684611
36,2256.419751,2099.687448,26.318965
37,2657.314653,2352.97708,24.535439
38,1323.507294,1062.777701,11.129833
39,2193.55311,1253.829027,14.686324
40,5668.771548,3609.968387,41.159726
41,4764.139393,3943.770623,44.619909
42,3404.569021,2549.57088,29.264962
43,2498.959772,1263.260404,20.470578
44,2925.25438,1546.889749,15.889113
45,4129.784512,2542.988741,28.190549
46,3634.226667,1944.961285,22.793915
47,2627.926636,1910.883118,17.361127
48,5483.491268,4102.699337,72.149765
49,4026.814523,3371.011269,59.050602
50,3001.942346,2712.876334,58.08471
51,3704.088846,3299.220866,49.090351
52,7421.833521,7198.222152,136.643839
53,11514.76533,10470.76814,220.271543
54,11074.48074,9940.974205,225.657022
55,7582.366616,7855.827501,187.634579
56,5745.67051,6062.70176,148.584462
57,10472.30948,11588.93687,281.90389
58,0,0,0
59,10247.61186,10575.3467,251.748677
60,7633.19905,7445.53384,173.695908
61,0,0,0
62,14505.41646,16414.99615,395.325264
63,993.21326,1041.700126,24.174353
64,0,0,0
65,5793.491353,3329.141739,61.158851
66,6128.617938,3442.020401,64.856394
67,7826.069966,5649.265444,74.799743
68,5439.689432,4220.337536,73.911661
69,9487.85708,8218.519678,103.474494
70,8329.24997,5173.862477,72.71737
71,6452.780479,4256.584881,68.055932
72,7849.348681,6356.240479,77.355271
73,5891.692718,3707.765193,61.750871
74,9434.272068,7175.635506,90.657773
75,8118.409225,5264.889722,64.63758
76,7978.803925,5029.838427,55.682605
77,4093.537719,2657.544259,39.331449
78,6200.83831,5153.225848,71.016376
79,3507.230537,2491.826629,24.636709
80,4600.548667,3073.552863,43.704607
81,2727.752252,1973.870606,27.517425
82,6720.337764,6002.58835,82.878313
83,3771.896311,2337.671873,40.861969
84,2799.022969,1780.64253,29.860641
85,5833.659678,3879.564417,51.188551
86,7030.449949,4867.808504,59.665338
87,5544.044441,6213.756777,76.607567
88,3940.073036,3051.685475,41.621382
89,4833.151616,4091.425474,44.944084
90,3409.492781,1879.585134,36.189559
91,3121.645813,1855.696642,30.286866
92,2651.163249,1450.947352,21.264288
93,4509.893014,2650.266601,45.632758
94,4130.805404,3471.739192,22.601146
95,12131.34515,10443.55343,29.626977
96,12358.67157,12673.7637,37.449069
97,12673.34734,14005.3802,41.45626
98,11404.37932,12015.44373,34.064573
99,11948.69099,12476.04047,67.598754
100,11826.72604,12114.04153,47.506479
101,11174.01509,11405.54949,26.816774
102,11015.32624,12204.27611,42.901787
103,10729.91445,11875.64644,15.220348
104,10607.96682,13853.06671,34.777746
105,12190.33159,15465.52043,41.384824
106,11687.58051,12710.02487,20.624141
107,11745.47417,13006.24115,64.052691
108,11139.17101,12553.61292,41.988605
109,11320.84573,11612.63499,19.642517
110,15037.5041,17676.25351,87.269059
111,13437.15227,15421.34023,88.773362
112,11882.40639,12494.58065,19.655547
113,13075.05961,13839.18341,78.64826
114,6053.155803,5943.121959,19.004935
115,3701.968268,2188.690632,26.012176
116,3932.110803,3168.54025,61.625185
117,1882.63126,1367.963612,17.726473
118,1968.571474,1544.586015,17.994569
119,2917.339059,1734.569499,20.606395
120,1551.367202,1189.469615,12.792332
121,4068.070232,2820.675827,41.050178
122,2548.278379,2018.894842,18.123866
123,4242.909509,5304.771381,52.087131
124,2671.534255,2147.145085,60.436218
125,1797.492509,1193.976712,21.63934
126,1260.905771,727.612637,11.025305
127,3357.175742,1868.264268,20.544126
128,1495.41559,968.430158,7.741158
129,1526.558332,885.475987,18.909768
130,1343.12617,689.989464,10.835484
131,1764.025384,1025.108586,18.402158
132,1578.436715,1170.545822,14.78194
133,1800.671974,1114.249775,15.661257
134,1690.461207,2172.417683,29.813377
135,3076.834419,4039.265233,40.299841
136,2258.12462,2358.982352,20.983287
137,1826.778217,2481.731198,28.05041
138,2643.60566,2157.049306,23.459457
139,6564.066073,6604.637988,30.712337
140,9768.867274,10335.68627,19.251793
141,12215.67716,12731.56374,63.720202
142,6260.713018,6442.531193,43.875258
143,6171.229318,4545.38789,45.813774
144,8435.271715,8081.375998,72.533762
145,5713.00892,6070.308677,64.274836
146,5323.45861,4556.319602,61.182982
147,4874.880863,3974.198229,54.165007
148,3197.119274,2521.260596,32.704763
149,3296.065749,2337.768203,37.278854
150,2412.370584,1380.533721,22.526609
151,2145.846565,1529.785353,22.598808
152,2286.036329,1603.877981,24.504031
153,3096.343679,2734.061829,35.472936
154,3391.073409,2314.111272,39.163807
155,6070.654618,5344.937307,60.141725
156,2551.736542,1717.265779,30.910899
157,2494.143012,1971.008654,185.780874
158,2702.651314,2475.20429,365.646166
159,2617.072946,3192.127261,51.367647
160,2745.26439,1655.362469,18.293861
161,2062.544822,1393.426788,15.301862
162,1171.608682,607.018827,6.569659
163,1011.888277,1135.198523,12.27087
164,1124.552902,1513.249442,15.082464
165,1983.87399,1150.092491,16.613619
166,2939.08128,2603.245238,47.971381
167,3594.72256,2954.17523,70.796502
168,2137.432545,2221.412331,34.963086
169,2199.065236,1722.310378,14.491104
170,2875.293462,2725.737695,22.083834
171,3797.731909,2332.132694,20.808121
172,1441.807746,783.899079,9.589911
173,1802.831449,970.40419,12.990619
174,580.115566,588.812588,6.432671
175,1111.716247,844.403597,8.497588
176,805.086094,711.14784,5.476254
177,863.916343,752.812794,3.651134
178,2613.89426,3046.264259,29.658559
179,4305.713339,3737.39775,33.723954
180,1862.83156,1832.162908,16.415179
181,2898.036682,4709.032665,45.51598
182,1870.123415,2643.015796,24.360175
183,2092.045578,2035.099303,12.192007
184,1394.14406,1720.699544,12.166173
185,1739.443024,1263.560326,13.639124
186,1686.221542,1225.226786,12.248111
187,979.702982,747.401791,6.096348
188,2600.924862,2163.766759,7.669713
189,1239.616755,915.550096,5.650118
190,1371.910611,721.830146,4.250629
191,1199.732238,895.282103,9.166301
192,5132.712812,6428.098537,76.590971
193,3051.622636,3449.956391,28.695922
194,1328.983043,1621.600512,15.675408
195,2271.854607,2108.26286,18.085584
196,2857.592374,2225.510014,16.944531
197,2092.875718,1780.846072,20.113014
198,1438.262698,1267.999694,15.954847
199,1255.639345,1134.4112,13.421138
200,1146.163263,1441.58967,13.580575
201,1848.048768,1540.419839,16.746304
202,2643.687445,2117.521382,34.361955
203,1940.664457,1060.439789,8.474853
204,1508.28656,1017.028657,14.534206
205,2133.48228,1750.750947,33.623191
206,915.815098,757.205839,10.056144
207,2926.504928,1763.042492,54.389116
208,642.313621,729.200999,5.705501
209,2064.069183,1213.609659,26.202859
210,1277.743784,1118.373877,13.072548
211,3129.214982,1948.994791,34.009215
212,967.986838,724.338127,4.787064
213,2026.246049,2180.839273,27.18228
214,2007.985944,1449.763324,9.090743
215,1982.085794,1490.387459,17.553697
216,1807.267859,3274.364525,32.194568
217,1153.62664,799.993378,13.306139
218,631.55047,764.15501,9.387712
219,3251.715181,1985.769704,16.518137
220,1510.332583,1146.067725,13.079037
221,2680.583635,2542.804257,25.06037
222,2165.094034,1911.015273,31.600074
223,2534.043951,1966.90387,61.601786
224,1393.020453,1256.064945,58.84367
225,1498.776621,1053.498167,46.597891
226,1513.822786,787.73011,6.664614
227,2599.958844,1093.31304,6.374474
228,2643.206222,1340.157706,21.007281
229,3206.68662,2199.909462,12.417705
230,2614.123855,1741.621261,10.628075
231,1263.581808,713.51485,6.110438
232,1505.418434,1027.024222,5.686497
233,1821.0922,1909.701971,14.522104
234,1098.226167,746.299693,6.087782
235,725.836944,438.781323,3.869718
236,994.961158,561.448285,5.066601
237,1587.064766,888.827763,11.167526
238,1396.597593,1230.20501,12.853267
239,3596.602405,1389.383698,13.799422
240,2999.41719,2996.635017,27.678639
241,2527.336133,2640.740516,18.238907
242,3013.937399,2236.9993,22.644949
243,3580.960833,3081.68297,33.819805
244,2645.248593,1673.935701,19.059096
245,3237.899961,1507.855391,14.022027
246,3889.296057,1667.983718,24.353314
247,2786.933166,1245.928278,18.893147
248,1173.02025,1171.039458,8.790851
249,1166.65135,1555.088152,10.266057
250,693.840826,829.982502,7.511448
251,1356.737707,763.534152,6.443338
252,879.262458,537.741377,5.528278
253,1883.737146,1644.300508,9.259917
254,1175.309027,672.377523,7.182661
255,1870.373842,1318.474459,12.727599
256,1698.389866,993.336387,8.252339
257,2910.259789,2096.350788,9.842718
258,1430.780054,688.008518,5.651656
259,1471.051042,1171.271118,14.038571
260,3026.77091,2575.288439,30.695061
261,870.551207,517.814512,5.847626
262,2196.504133,1183.68117,9.010866
263,628.580114,405.0577,4.001198
264,1169.789854,1480.717826,21.566103
265,1342.057142,886.545021,10.507603
266,567.10006,575.990074,6.835979
267,3863.550367,2584.176965,17.888903
268,1782.082103,1097.75188,13.317326
269,1252.799775,964.095497,13.791198
270,915.355652,637.321113,10.693138
271,1246.440875,821.46013,10.393725
272,795.205505,400.208525,5.305505
273,2436.162242,1176.091339,7.938509
274,1360.562273,890.96597,2.870211
275,1796.142387,962.918879,6.190903
276,1311.667953,864.282894,4.763901
277,1654.352481,1034.837866,5.282117
278,1119.465416,1032.543598,3.965298
279,857.241986,1001.04778,3.914725
280,1446.814465,1735.030212,13.231036
281,792.554144,663.796307,7.052964
282,872.194481,1070.029448,6.295748
283,1326.647466,952.254612,5.270452
284,752.946759,760.690086,3.897387
285,1169.971095,893.767301,5.213471
286,2721.475751,2354.197838,4.931714
287,2790.828449,2451.428076,6.674545
288,2886.663517,2628.755111,24.153665
289,1525.821479,1491.350781,16.575896
290,1617.762357,1823.516883,19.749438
291,2509.850101,1861.802193,16.993277
292,711.149777,565.458722,4.462552
293,1101.479302,531.037741,4.635237
294,594.375308,481.964876,4.619431
295,779.992606,631.908717,5.993815
296,2098.22723,2081.747821,15.242384
297,1325.655466,1117.031436,9.800405
298,851.4943,625.780935,5.860735
299,2374.2679,1382.112985,12.191343
300,1276.346972,654.998635,7.308428
301,1899.080455,1328.903716,8.80016
302,1063.772681,788.813645,12.483286
303,1393.566317,945.808256,8.469473
304,1109.883242,678.085504,5.896071
305,1859.330117,1293.318588,18.129741
306,821.570516,292.8663,2.99974
307,2085.87058,1842.727799,23.448776
308,953.737406,945.78632,24.162154
309,698.441831,461.057538,10.053939
310,1235.792797,959.103881,10.545089
311,859.895978,659.871965,7.558369
312,1742.927259,2212.639318,28.450618
313,1107.581778,803.730261,8.08017
314,1784.681986,1434.763999,27.50198
315,2764.131272,3105.603054,26.356659
316,1392.039459,1460.72826,32.677178
317,991.024978,669.855704,7.720652
318,374.769119,236.244709,3.274184
319,447.893542,366.851702,8.400365
320,740.682788,474.260357,4.216313
321,1877.139289,1224.324499,11.065446
322,761.547711,752.586158,6.46066
323,741.232511,664.158179,3.649243
324,537.210641,785.174305,3.637183
325,1003.699417,852.287674,7.327668
326,1542.773379,2726.918953,24.712942
327,672.980849,1027.714045,9.307303
328,1083.65662,1486.30519,49.191686
329,772.356342,525.507713,8.434901
330,1428.789102,944.591727,8.072581
331,1101.114724,856.446796,8.27061
332,736.190204,683.075501,4.827643
333,1070.954067,736.822489,6.840182
334,789.961111,819.740782,4.359759
335,681.595863,533.445089,3.75221
336,1858.97852,2354.953038,21.949853
337,1443.661704,1248.851225,13.244073
338,1370.029706,1177.470696,12.704878
339,1123.314204,824.670636,7.967097
340,1607.448159,1511.809104,18.941297
341,2026.590899,2148.452599,21.747156
342,1660.530466,1633.816567,14.767572
343,898.687054,750.926018,6.85684
344,1791.150929,3612.734555,23.83265
345,1088.776866,838.322185,13.476987
346,1312.601055,840.739539,12.132066
347,1842.604466,1189.481378,11.954548
348,821.44163,563.958897,7.649234
349,1771.361084,1847.323968,19.414326
350,1068.528918,784.414585,13.709971
351,1889.220772,1290.121575,9.670428
352,450.603533,311.216337,5.722785
353,1784.438353,1560.518605,18.705579
354,990.315659,655.328754,6.217405
355,1085.851848,1050.894125,74.613202
356,763.695667,539.229451,39.545293
357,1999.463504,1882.771532,21.578539
358,1119.210316,820.443006,11.506662
359,1956.439686,1578.560485,19.101315
360,1732.774971,3181.104169,30.098473
361,1828.633513,1818.000643,33.199468
362,1470.734023,1168.142666,14.804624
363,1971.11586,1087.253849,25.089112
364,1848.531752,1006.19153,19.41565
365,1270.800207,831.710976,4.444232
366,760.471609,521.442152,3.762492
367,1007.866702,484.255782,4.515595
368,822.329149,471.066651,2.933383
369,1062.687439,702.628941,6.66125
370,902.368152,469.795996,4.532833
371,2320.895997,3352.4636,26.006785
372,1699.48436,1626.987657,16.704486
373,3133.426322,1673.391873,27.339272
374,3591.394396,1897.311682,30.663268
375,2934.265939,1430.939924,19.196568
376,4714.856281,2476.742604,39.651978
377,3598.235921,3015.285403,31.595845
378,2834.294989,1551.605398,24.438831
379,2704.47881,2005.663727,30.154693
380,2957.80904,1669.340053,22.492918
381,3547.92512,1778.75458,25.868471
382,3917.594559,1989.718937,25.37476
383,4110.070216,2906.349915,32.010311
384,5434.243108,4479.878067,45.255505
385,4310.104987,3576.773343,63.0843
386,3371.498986,2606.536187,39.768285
387,3718.89681,2560.883435,34.40667
388,3777.307345,2834.262258,55.610833
389,4330.032779,1730.300117,34.362119
390,5056.358304,3742.0515,36.676985
391,4542.645819,3809.150552,67.823146
392,2654.538738,2351.376845,32.075138
393,3790.954147,3586.960913,54.366987
394,5290.378621,2725.800974,47.054106
395,4270.77721,3168.334919,51.165978
396,3197.627022,1711.731606,32.23087
397,2157.689356,967.73753,17.786831
398,2019.829913,1466.160222,34.262424
399,1983.196389,1730.17106,34.638434
400,1534.151485,1238.318226,13.609499
401,2340.151558,1988.782852,26.599772
402,3682.355266,2677.926827,23.818686
403,2631.259668,1902.018399,28.255182
404,1626.141497,1950.22353,23.359113
405,4673.232958,3855.823704,58.406504
406,1719.979273,1149.246026,10.28227
407,1647.187932,1036.791192,10.664908
408,3266.466636,2394.033144,36.137126
409,1685.072038,1115.505877,12.212705
410,1739.775376,2113.491016,25.377842
411,4268.142105,2891.228594,24.047101
412,3146.826522,2727.890739,33.706195
413,3447.074583,3689.248763,33.381901
414,854.064516,656.677822,8.474906
415,1745.44892,1163.768234,15.526079
416,1715.151407,1583.735019,11.855605
417,1341.30395,1047.356361,11.127305
418,1261.465337,821.210918,9.209305
419,1567.958772,1137.823944,10.996218
420,762.97305,446.916998,2.613139
421,1155.515964,862.387697,3.538612
422,9894.957285,8220.250134,27.59942
423,2817.714649,2063.765163,11.457142
424,1626.657628,2107.348413,11.233238
425,2929.641525,2151.86508,11.829901
426,1750.825218,1634.41872,10.357535
427,5330.970009,6272.864707,48.042307
428,6119.985569,6425.871382,68.947821
429,6371.447519,5304.992854,60.064832
430,6101.87585,4099.401794,78.197166
431,4476.259515,3748.405005,88.886818
432,4484.906391,4945.528968,58.158779
433,2413.762168,2329.396272,25.690813
434,3489.442515,3055.417388,41.198772
435,5620.532911,4329.226742,51.74169
436,6685.539993,5539.992624,86.734799
437,4573.381726,4963.37637,56.471581
438,5208.556652,3781.736691,44.625056
439,8826.319978,7666.516648,52.966109
440,5075.545833,4564.313733,45.846314
441,5987.756841,4773.118206,41.051725
442,4161.603602,5073.421234,43.158127
443,7804.561885,7203.82844,50.117105
444,8198.301508,9377.556822,64.790818
445,7999.293744,8016.065013,72.425291
446,4137.615378,2916.940004,26.221479
447,7293.237305,6428.731924,31.843535
448,13794.68098,16333.7036,340.249149
449,14513.71125,17360.46014,428.585982
450,0,0,0
451,0,0,0
452,14050.85923,17436.69387,424.874101
453,0,0,0
454,2259.687049,1639.539163,25.417386
455,8335.937903,8652.70377,193.813409
456,4000.636293,3918.690614,28.09092
457,3312.185412,1852.154712,19.894707
458,7276.620944,5551.693065,59.261102
459,2828.207922,2737.147641,21.169857
460,2372.895386,1561.280157,14.20273
461,3781.704791,3394.651651,20.698507
462,3279.74984,2371.088412,15.451441
463,2226.18454,1543.188182,12.763996
464,1308.323036,816.76989,8.238433
465,1973.942646,1688.643579,11.437937
466,7235.339925,9252.800596,166.00604
467,3470.986768,2788.523865,58.261416
468,4890.546761,5507.250781,66.463318
469,3345.004024,2294.767388,59.735608
470,2549.623623,2211.718004,31.502156
471,1966.077651,1684.216912,31.06225
472,7473.992376,8201.410163,86.765536
473,3415.832372,3387.297126,43.205951
474,4342.609595,3924.67475,49.272243
475,3707.913343,3261.767943,41.016062
476,4608.739989,3119.124281,50.637142
477,3774.126175,2556.057147,42.445583
478,5579.315085,4198.496888,86.459166
479,6116.314665,4551.688377,79.274342
480,6179.525449,4209.516214,100.376338
481,7136.82935,6086.85385,98.990992
482,9473.383593,8554.91388,108.986422
483,11193.23658,10827.80645,114.56792
484,8299.152266,7546.131122,114.915337
485,8854.110317,8166.56897,101.727843
486,7791.457968,7112.032037,98.322608
487,7543.347778,5884.035709,87.266987
488,7615.199679,5786.31708,130.662219
489,5821.785427,4801.896185,91.416029
490,10474.67515,12358.79548,305.985109
491,5638.213674,5277.380187,105.631634
492,4872.87182,4422.249497,90.928542
493,4216.473681,4251.535481,93.032665
494,5914.617332,6407.104872,124.636436
495,5513.691528,5877.879738,114.619945
496,7078.709684,6607.611443,110.18121
497,5613.178467,5051.451126,84.097863
498,5030.581556,5292.804533,103.164471
499,5816.500334,6788.339677,97.316775
500,3194.152805,3549.659864,65.556964
501,4265.171204,3535.650183,86.264582
502,5352.626557,5184.863775,80.222427
503,5207.859046,4438.670925,87.768971
504,3982.309869,3608.519675,72.681774
505,7340.626424,5644.729103,107.552949
506,3368.190876,3276.674491,61.293721
507,5896.960498,5256.438485,79.503116
508,3986.971198,3933.242916,57.675816
509,5269.345768,4029.003868,61.524844
510,5061.557491,3358.319344,64.318356
511,3083.556409,2530.381657,44.438707
512,1829.91403,1886.719339,35.365934
513,2177.624543,2042.579504,36.861908
514,2853.423591,3086.292083,47.952642
515,3598.165653,2895.124737,42.929277
516,4684.046893,4643.849932,49.904282
517,10297.9149,8544.233923,71.030917
518,3446.094164,3344.782812,41.495347
519,4172.645016,3306.821692,36.420471
520,4942.191048,4421.735672,50.723993
521,3286.198946,3168.049532,38.531674
522,2449.355695,2249.787188,33.773646
523,2078.63794,2010.299816,33.340617
524,2678.806907,2549.48077,44.051357
525,2792.475947,2671.167836,34.622516
526,8398.511656,6293.207129,73.835602
527,2282.929213,2374.157266,33.964394
528,8105.683305,8063.947352,96.551623
529,7120.342626,7097.106456,81.918577
530,6061.111277,5781.452031,98.573809
531,5228.385793,5931.736743,99.807042
532,4372.452484,4737.887676,78.667032
533,4112.51089,4350.625456,87.973456
534,2454.644048,2338.199154,35.422239
535,2213.491679,2238.278568,46.427361
536,3765.44158,4025.780867,67.368981
537,2524.518791,2334.182739,51.784241
538,2782.607488,2359.898532,50.179414
539,4128.616249,3053.024161,48.424325
540,2834.485232,2368.781021,40.862706
541,3081.876887,2596.016677,44.439196
542,4167.095385,3053.781569,51.945886
543,2430.686245,2116.650603,42.171537
544,3662.461442,3314.468378,56.184578
545,2868.90407,2371.004588,40.491401
546,2237.82201,2211.38631,45.472314
547,3701.318723,3794.370733,67.01353
548,1855.81224,2365.083834,45.686944
549,1666.897292,1752.321759,41.651969
550,2073.808337,2184.44373,41.764962
551,2648.24542,2520.263816,46.239518
552,1796.945676,2122.327147,38.062951
553,3463.723588,3120.738805,54.953858
554,2090.18966,2144.505741,39.420662
555,4505.350713,3760.109139,65.041407
556,1728.616326,1667.725467,33.021184
557,1652.572115,1401.750449,28.166187
558,2290.376774,2091.295232,45.53729
559,2065.850007,2370.833255,30.238482
560,1460.835985,1903.108919,27.885468
561,1861.48685,1837.963844,27.308595
562,2117.364403,1824.744416,49.752256
563,1984.178135,2242.407674,46.324562
564,2861.597274,3035.280611,46.535812
565,2061.969789,2314.286889,33.761955
566,2491.964117,2323.752271,36.222014
567,2534.233622,2142.215367,35.567814
568,7284.418112,4693.652082,54.510102
569,3115.505965,2578.306013,41.506783
570,2489.072079,2205.253722,38.833235
571,2465.107656,2327.306025,34.519728
572,2815.494292,3683.263089,42.713226
573,2212.348173,2036.165644,34.150681
574,4412.106091,2974.261036,42.579213
575,2494.264239,2549.116183,34.527866
576,3463.856677,3722.873452,62.453457
577,6693.575963,5903.357927,107.471512
578,6242.215165,5299.092737,83.580703
579,5142.339933,4124.268923,69.586157
580,3326.375311,3064.610808,53.147847
581,1993.202674,1930.631383,37.712573
582,1379.865388,1528.231999,33.085178
583,1559.482,1642.497722,34.609497
584,2078.888528,2943.528694,43.922405
585,1637.915924,1913.450529,40.1291
586,1164.55392,1537.416345,35.119544
587,2025.677088,1890.084578,36.047711
588,1650.603663,1792.451899,36.872791
589,1794.590633,1780.596066,35.634582
590,1907.443303,1869.707639,37.843781
591,2194.32948,2057.558963,38.592118
592,3006.222157,2581.627344,38.33946
593,2401.388391,1682.592956,33.700846
594,3012.118448,2524.325451,45.89313
595,2210.027507,2662.366358,43.294102
596,1261.286331,1527.178785,31.669095
597,1362.899599,1385.165936,28.280522
598,1923.391093,1730.038313,31.152602
599,2280.28603,2195.537901,37.090527
600,3315.003521,3463.192962,57.382329
601,2557.510231,2895.05892,44.396432
602,4078.356334,2490.168895,37.840949
603,4350.691496,2853.542615,43.576801
604,1732.873686,1434.798864,27.739363
605,1331.744147,1429.14762,27.393398
606,1101.892035,1149.911562,25.684579
607,1364.038758,1473.18241,29.389351
608,1111.113897,1202.803941,26.581182
609,1616.344456,1376.374097,28.805735
610,1199.94631,1363.524176,36.042495
611,1207.700165,1276.973507,25.903122
612,1068.583753,1168.672519,25.390551
613,1390.64711,1544.801162,27.000403
614,1036.299846,1140.590699,26.268991
615,1061.321138,1269.752122,25.786051
616,1102.657651,1392.144538,27.460143
617,1699.912838,1826.793671,30.25925
618,1163.846667,1303.293858,34.338297
619,1412.725746,1320.092811,27.065938
620,1185.794502,1273.616988,27.551243
621,1492.024393,1431.374471,27.955626
622,1185.962915,1216.756902,26.914477
623,1534.466889,1423.326781,26.539225
624,2431.199573,2593.456626,46.481228
625,3187.969266,3389.932892,54.625713
626,2332.966141,2782.165108,46.964002
627,1789.497908,1930.13609,35.033069
628,1402.421132,1461.540249,29.421036
629,1901.736696,1730.286957,29.661663
630,1175.783408,1317.599027,28.071465
631,1198.844079,1251.482971,28.087466
632,1323.905693,2031.39407,36.426219
633,1430.959527,1647.782007,33.846295
634,1042.20763,1189.844686,27.635936
635,1916.116105,1841.506273,29.492754
636,1568.450179,1474.135434,29.119067
637,2153.564864,2017.632942,42.692836
638,2310.391081,2455.922007,47.761853
639,1563.346199,1926.62236,41.525853
640,1695.584285,1953.969138,36.498393
641,1554.334228,1379.61416,29.968449
642,985.140515,1158.004383,25.68095
643,1193.923401,1202.51738,25.630553
644,1023.552039,1202.141107,25.259754
645,1363.944131,1360.888696,28.816459
646,2319.334787,2171.117863,38.456074
647,2106.653577,2235.353313,36.729166
648,2217.895065,2829.562047,42.400637
649,2061.770415,2048.435628,42.998012
650,1675.937791,1926.820282,38.141356
651,2647.542599,1886.942438,28.212375
652,1376.137423,1375.349494,28.693041
653,1698.932734,1366.869041,27.158271
654,1268.326765,1312.74086,32.335559
655,1169.40497,1225.113555,26.286019
656,1114.695116,1271.853932,32.389781
657,1713.790424,1419.81605,29.40735
658,1352.626277,1292.039957,26.213589
659,1173.319452,1254.243475,25.907472
660,1228.847972,1250.591405,31.808029
661,1289.309818,1206.209251,26.423388
662,1445.429155,1635.939806,46.133416
663,1109.515866,1319.316563,53.823508
664,1474.362431,2542.144644,34.204905
665,1445.730019,1291.41219,30.435569
666,1264.938612,1339.131434,26.80585
667,1500.864776,1431.329198,27.128579
668,1138.280705,1202.681013,26.208976
669,1605.009683,1281.717771,27.325241
670,1142.271934,1243.192982,26.350109
671,1290.393075,1206.256393,25.585028
672,2141.558639,2371.875181,42.393139
673,1976.880512,2114.670615,36.236536
674,1688.889803,1812.396385,35.712386
675,1457.698078,1711.565881,30.365792
676,1694.582841,1827.30188,35.442531
677,2410.329667,2240.390728,39.08405
678,1415.613735,1362.039389,28.776771
679,1697.516611,1384.644013,30.394667
680,1346.94606,1754.224332,31.190423
681,1724.74634,1545.844769,36.546481
682,2461.625637,1923.164905,32.942922
683,1718.524591,1576.821455,30.318834
684,1281.553821,1286.980546,27.407508
685,1652.451708,1721.341705,29.981211
686,1368.069335,1426.224079,28.574875
687,1702.95251,1494.188521,30.476614
688,1550.636507,1681.324429,35.184502
689,2696.178678,2248.818979,36.484272
690,1753.310323,1775.29361,29.481568
691,2366.860184,1871.193824,31.8176
692,2450.725468,2446.045144,42.581358
693,1745.924935,1619.039079,31.179176
694,2040.230871,1796.859569,31.224247
695,1771.689123,1859.903951,37.397802
696,1626.146349,2491.182654,44.981376
697,1718.246877,1598.336712,35.65668
698,1618.314043,3635.306603,50.89066
699,5169.432515,4702.389878,55.124858
700,1919.78779,2348.813568,54.51473
701,2902.917445,2643.950023,61.077901
702,2100.090794,2717.368461,77.677692
703,1788.148088,1546.871094,28.88604
704,1519.091521,1305.107153,25.348326
705,1797.800783,1739.031956,36.706098
706,1973.788612,1863.069699,34.692412
707,1233.435209,1216.915364,25.461193
708,2325.242629,2336.520651,53.09533
709,3230.863255,3343.935857,61.224249
710,3837.411619,3653.036442,94.920503
711,3196.623838,2661.782912,81.882408
712,3783.027477,3255.812567,72.448146
713,2864.874306,1989.345769,65.777604
714,2316.362084,2000.530247,33.202625
715,1453.507553,1337.928623,27.506049
716,2456.949908,2103.328369,25.929319
717,1893.197174,1945.014293,37.577906
718,3435.359251,5565.686486,54.06664
719,5016.704125,6875.387834,59.832896
720,4958.509127,5369.555221,68.264687
721,3775.852279,3474.074426,51.526104
722,8342.188039,12433.48929,104.622956
723,7513.263347,7353.162871,97.615809
724,5911.004411,4432.247516,66.756648
725,5267.841887,3659.732604,64.310197
726,2881.262386,2830.036897,47.339299
727,2402.518064,2927.189258,30.828645
728,1902.5306,1949.506392,34.199422
729,2622.174201,2039.901818,36.970335
730,1855.100713,1974.329424,37.153713
731,6240.831511,4524.837101,50.693154
732,2720.126494,1891.508207,33.807235
733,6369.775807,5018.558755,43.546493
734,2546.295751,2096.712056,30.648083
735,2588.091106,1879.35379,28.228618
736,1765.4752,1436.698125,28.473356
737,2940.242111,2007.298278,33.188475
738,4207.754275,4893.430593,33.672587
739,1978.460503,1780.685968,29.444706
740,1291.623564,1388.617986,30.259295
741,1526.133127,1481.081765,28.831951
742,1462.7199,1513.790299,28.532043
743,2686.901656,2663.003319,98.361408
744,1862.42953,2356.948488,36.733501
745,2385.403952,2160.719253,46.42967
746,4591.375307,4997.150671,50.583362
747,4943.692391,3695.23096,53.210173
748,5172.359439,4422.640359,57.933772
749,2547.939217,2238.940361,67.747586
750,1467.916723,1646.489745,28.932665
751,2355.726471,2546.478226,37.236899
752,983.379778,1365.13096,9.538462
753,3531.755631,3159.410023,35.480914
754,4625.023286,3484.883081,21.361396
755,1961.410884,1258.313636,14.170058
756,1318.894792,973.076497,16.833951
757,1631.989284,947.677482,7.535325
758,1573.077318,930.235644,4.780182
759,2845.832624,1639.582034,13.965657
760,4758.745415,3432.158408,36.549352
761,1569.202963,1161.283087,14.418916
762,1606.545365,1452.398975,17.376667
763,1927.496808,1894.79865,16.86789
764,2361.138007,1844.238789,23.535467
765,3596.792737,3016.953497,37.368323
766,2100.869572,1921.682205,13.176475
767,2350.410721,1746.428929,51.268298
768,3772.254699,4530.689148,60.150014
769,3079.804527,3412.363229,30.391289
770,2377.515258,2702.013033,29.149489
771,2066.049465,2085.282226,22.992651
772,1569.144138,1432.037758,14.97297
773,2001.947925,1280.49701,13.26184
774,949.366329,859.285468,8.099242
775,1332.650968,973.633399,9.078495
776,1218.604224,1520.719545,11.491974
777,1317.955044,1230.188334,13.918487
778,825.555478,713.685791,9.906287
779,1873.128253,1503.640508,8.374555
780,1418.17606,1720.893116,17.704387
781,2371.760426,1512.892844,20.298413
782,2488.151004,1791.396986,21.055016
783,2210.341064,1103.828811,15.868865
784,2350.27514,1566.012642,21.643485
785,3640.929981,2598.406516,29.507273
786,3790.918222,2569.580036,34.751595
787,2404.399924,2412.052666,33.097195
788,1856.408994,1511.527651,21.122306
789,2302.557348,1245.237659,23.100193
790,1975.823634,994.180196,18.379805
791,2990.596236,2190.754443,34.682615
792,1994.721896,2251.57568,23.439301
793,3227.63037,7982.924347,36.115537
794,1937.443846,1402.575797,35.192101
795,2497.930889,1672.294864,45.875411
796,1694.167306,1016.334898,17.945449
797,2374.670746,1410.372279,21.749266
798,2107.91274,1186.992362,12.594756
799,1807.773668,1189.093227,16.360607
800,1619.174493,1414.712435,13.676362
801,3355.812309,2847.82363,31.776289
802,2250.327102,1665.267858,17.045913
803,2369.741476,2016.246783,18.944905
804,4049.070281,2691.906966,29.281723
805,5054.129592,2793.07425,61.105523
806,2699.708749,1893.49264,19.45382
807,3357.510794,2586.85097,41.245844
808,3894.364505,3453.598357,38.585342
809,4324.825324,2963.131092,31.371816
810,4380.659862,2413.724838,32.119658
811,3082.121682,1770.638566,21.070536
812,1426.872839,1077.575963,17.383051
813,2084.861463,994.712829,15.445435
814,2464.893494,1359.091757,28.803226
815,4647.161292,2801.3502,62.863694
816,8240.196254,5813.691613,126.721843
817,10064.70644,6292.006199,118.769457
818,8098.318598,5804.907832,86.618863
819,4671.823385,5015.269262,119.214175
820,3363.401522,3056.004108,75.598069
821,2239.99818,1620.619374,28.757744
822,2550.014582,1628.109645,32.081393
823,2663.912927,1833.028237,26.811891
824,2468.907168,1898.92704,30.901179
825,2750.75559,1985.641564,32.410188
826,3049.295195,2409.354457,34.274226
827,2704.390778,1593.22537,21.217733
828,2114.647915,1335.889648,20.966448
829,3168.229601,1796.063893,23.442963
830,4213.584067,1726.56152,24.595684
831,4537.115806,1727.983024,20.834845
832,4013.347557,1710.520995,17.504055
833,3248.07056,1886.080378,24.449122
834,3683.34781,2060.085414,31.2289
835,6860.780466,4573.787337,61.56235
836,3707.1135,2704.22979,47.469227
837,4560.968621,2889.613272,40.320158
838,7098.515556,4821.469704,76.617027
839,5294.797277,3322.203068,51.61763
840,3828.573569,2789.78591,38.250865
841,3958.952369,2293.254505,43.920252
842,4469.880162,3021.498674,46.157971
843,4737.022147,2743.444885,29.030159
844,5437.795011,3781.591635,48.046865
845,4915.715153,3346.195897,39.690924
846,4310.926848,2554.062339,37.11688
847,3281.235093,2236.536466,34.413718
848,3067.663782,2024.886552,36.153562
849,4179.966025,2910.561426,35.743935
850,2810.725587,1993.750784,25.259158
851,3144.996826,2338.886704,18.756021
852,2569.270313,1619.866625,23.113208
853,2869.019783,2331.781741,61.8038
854,2171.488947,2186.535378,56.969448
855,2124.817226,2129.103766,43.322877
856,2018.441491,1949.791248,29.569725
857,2322.070589,1893.353126,40.138865
858,2149.40957,1596.203241,29.635164
859,2426.423407,2050.364701,46.310957
860,3293.387374,2066.773612,23.571962
861,3011.660147,2250.704566,32.09114
862,3517.151023,2482.526916,27.609558
863,1692.440747,1329.277381,22.557895
864,5143.440295,3439.725138,50.465659
865,9358.277102,6346.44564,80.004675
866,7548.984992,3603.739441,46.592475
867,3777.109765,2655.300597,41.176023
868,1748.47152,1023.861434,13.330355
869,1921.940531,1260.317811,21.982663
870,1722.202177,1957.748687,16.809277
871,2337.69874,2164.636835,30.031078
872,2287.243284,2209.007391,36.434208
873,3336.527082,2056.950831,36.196466
874,1506.65389,913.350864,11.186502
875,3646.594528,2072.523309,24.458377
876,1768.742299,1168.834707,13.904999
877,2164.958497,1173.170039,23.533124
878,1752.206861,1292.676173,26.652385
879,2322.085294,1467.407622,26.469857
880,1798.547462,1671.573028,13.967678
881,2431.60209,1280.825328,23.053692
882,4617.441994,6313.285292,39.448592
883,2393.58338,2389.372642,28.150699
884,3205.006356,2319.920717,35.573189
885,3820.122586,2418.663842,28.096748
886,2726.934974,1823.581362,18.961335
887,4249.871519,11960.37205,37.028441
888,2378.29272,2340.022924,23.943171
889,1738.938555,1299.811698,13.370437
890,2749.21127,4629.397072,26.432058
891,4040.518746,2588.442288,17.273956
892,1929.078644,1532.112872,22.973008
893,2256.916364,4938.99546,19.084113
894,2043.670178,2009.981751,12.678788
895,1545.402795,1104.495785,13.219433
896,3026.168982,1683.25652,56.207728
897,2578.09678,1572.041481,8.405984
898,5358.175224,2928.945794,9.852668
899,4741.968162,3851.719546,18.057626
900,4777.762868,4355.680264,26.811813
901,4491.761406,3139.272366,39.262648
902,2325.005293,1685.631115,31.523837
903,3860.333871,3751.62941,36.281451
904,5964.784467,6828.536912,82.36794
905,4321.244949,3337.066666,49.048999
906,2439.865197,2439.401771,30.519362
907,1825.877901,1321.560523,18.244819
908,3191.795765,2985.969223,50.905322
909,2514.765684,2934.484152,32.583831
910,2199.118198,2640.45549,29.865858
911,2001.825288,1272.02922,24.157581
912,1954.637566,1748.78229,28.959628
913,3363.337887,5238.696737,30.11788
914,5270.357771,5684.320508,38.162085
915,2513.333632,2972.503233,27.614037
916,1722.832493,1763.012711,16.822535
917,1697.172495,904.06096,10.156962
918,1542.516203,1734.4406,19.033993
919,1671.285128,1234.464022,15.442141
920,1477.250064,1705.717835,14.523853
921,1575.846472,1295.632236,18.520796
922,741.579587,602.830684,9.087996
923,1552.373783,1025.330747,6.584476
924,1311.938077,1023.847967,7.5813
925,2048.631728,1592.894371,16.651511
926,2069.905424,1574.137788,23.182737
927,1857.992781,1529.004422,32.940598
928,2578.095516,2135.607092,38.987633
929,3304.16321,2468.429083,33.098656
930,4066.351191,1508.344216,18.369989
931,3801.655392,3280.509959,31.521129
932,2836.304693,1611.933826,13.177806
933,1519.858684,924.611083,6.963165
934,962.017755,1034.772467,8.000609
935,3374.966012,3650.86666,35.979494
936,775.538735,894.99009,6.868457
937,1233.262309,967.166027,12.600885
938,1008.927395,693.434264,8.548087
939,2945.469325,2120.29275,8.519079
940,978.352084,708.573055,8.006199
941,1183.892311,677.000637,4.977632
942,3123.536062,4395.703981,36.947674
943,1203.331174,1015.99702,20.512838
944,858.810307,1317.876013,13.726029
945,1239.479319,876.065091,8.555789
946,669.18244,535.254001,5.212471
947,1020.950993,873.812021,7.797165
948,1249.188776,797.276682,5.758804
949,2145.481585,2004.194994,21.791491
950,1100.722138,630.131877,5.251385
951,654.086259,620.373554,4.636097
952,2156.384697,4127.569031,37.430793
953,1029.276451,836.180922,10.036873
954,691.902755,492.947658,4.621921
955,926.882311,718.200868,4.201575
956,2431.790344,2067.722803,22.702992
957,1203.395689,789.660448,5.759498
958,1202.232652,685.888561,8.238548
959,946.657037,724.824816,5.026319
960,3569.422589,2719.503858,33.219166
961,3874.555271,4039.907682,39.469851
962,2375.519833,2277.145506,27.641336
963,1416.382719,1335.598871,12.99761
964,812.321045,750.974828,7.763589
965,2886.369513,2369.736343,25.007617
966,613.624861,440.523715,3.590203
967,1027.919442,804.885253,6.547309
968,734.652719,1031.978488,10.842651
969,1269.273187,1082.864701,14.031271
970,562.968837,527.217787,4.968626
971,3083.527805,3341.306632,30.15334
972,775.239008,724.451331,4.920917
973,937.655959,605.847818,4.542721
974,576.050445,490.248552,5.250897
975,614.322999,514.222197,3.682162
976,1171.064391,1094.257044,10.626755
977,1489.781783,1019.896623,10.048202
978,916.072201,931.968214,10.522908
979,1717.487326,1438.607666,15.450566
980,2281.396635,3540.357526,34.050502
981,1432.865937,1326.188008,8.605916
982,928.444844,1107.791397,7.104185
983,1574.328234,1207.725759,9.867616
984,1979.588358,3199.164659,36.669318
985,1458.663059,998.413667,9.528845
986,1300.950079,1815.172087,24.962345
987,2250.415623,1361.944333,8.21621
988,1551.075148,1144.481092,20.586166
989,1914.529226,2955.11108,18.328211
990,1026.770234,1539.443116,9.262626
991,1446.689727,1799.622036,6.717917
992,653.227499,920.869597,8.09193
993,2075.826894,2202.970804,19.798133
994,574.124039,720.744351,7.297553
995,1081.119009,1540.219914,8.860124
996,2285.051552,2412.270054,24.41898
997,563.973301,514.306909,4.611314
998,691.227914,621.991331,33.400326
999,1482.19317,2176.896551,19.449738
1000,762.347907,1074.847658,10.14363
1001,1184.632525,626.289456,9.598578
1002,514.680752,338.751408,3.194992
1003,857.485295,599.958893,10.475052
1004,662.394291,507.889991,9.675265
1005,896.98318,822.501566,7.039948
1006,931.652825,683.588133,7.169327
1007,838.463185,600.199235,3.206003
1008,1916.427709,2298.890403,25.997311
1009,2502.380764,2390.620344,28.313011
1010,1615.356355,1735.480657,20.991914
1011,1270.840667,1145.650658,10.315876
1012,785.586783,510.951705,4.887986
1013,1708.384771,814.796377,7.034687
1014,697.758972,490.210854,4.323049
1015,736.052116,684.12416,4.396556
1016,1085.548863,1308.323181,9.457734
1017,2164.945045,1806.113232,12.191342
1018,1952.269848,1517.075184,6.950868
1019,1871.847795,1232.1127,6.205474
1020,1148.859188,987.155348,8.33643
1021,1869.84524,1990.60005,6.734272
1022,1066.345485,1157.978274,7.263709
1023,1338.223254,1454.588652,13.023922
1024,1897.79955,2373.296535,25.289289
1025,2232.142783,1528.210005,8.864547
1026,853.41903,936.579947,14.335858
1027,2878.192659,2919.488989,30.768139
1028,1232.44473,1520.948109,15.902577
1029,1245.767368,875.192819,8.176011
1030,1068.268869,771.770948,5.034425
1031,849.856202,667.668927,3.34518
1032,800.634084,886.443571,9.680821
1033,2419.839385,2482.23651,22.282981
1034,1047.995847,1021.092886,16.617991
1035,1528.404397,1455.528899,13.859133
1036,4335.367569,5430.37552,55.119927
1037,1993.712304,1663.43815,19.265055
1038,940.123994,829.039804,13.452326
1039,881.233075,644.925971,6.444615
1040,2078.946084,3179.015672,48.15106
1041,962.103301,611.335793,4.243901
1042,1400.268152,1836.362899,19.853829
1043,779.119729,593.101966,9.646216
1044,2147.562725,1187.939335,13.122259
1045,1689.893719,1180.312934,6.939252
1046,1260.959052,1320.788907,12.144056
1047,1385.020105,901.215131,10.607281
1048,1501.408865,1476.55739,14.191274
1049,3055.771338,1961.706428,17.121057
1050,4999.797344,3089.410179,16.489565
1051,2122.921835,2485.976767,10.307276
1052,2318.266648,2789.3865,12.961555
1053,1581.197273,1396.442915,12.32689
1054,2559.089802,2978.897663,24.714319
1055,3355.796374,2999.736056,16.498367
1056,6995.910007,6156.302074,53.476317
1057,6091.807433,5572.243152,45.613596
1058,2496.045882,2173.833326,28.129822
1059,2920.742514,3222.393608,29.302597
1060,2513.973088,2184.573049,19.161614
1061,3141.295184,2175.941559,17.703621
1062,4274.572756,3722.266576,22.091707
1063,1515.510657,2040.094361,20.379863
1064,2300.944252,2216.48456,13.40737
1065,2667.446793,1925.632017,16.580117
1066,1317.125004,1206.725567,12.040816
1067,2207.042303,1614.91473,12.53338
1068,2051.24125,1354.534724,9.647777
1069,1594.431563,1585.605531,10.52971
1070,4095.813204,2907.50953,14.740651
1071,3313.544301,2692.131663,27.919419
1072,2140.632511,2158.664991,15.071983
1073,2565.322936,2287.734398,17.917901
1074,3308.533807,3641.438131,25.1298
1075,2315.141981,2823.778124,20.465704
1076,3889.23866,3713.725736,33.828332
1077,1866.380592,1806.975307,20.786558
1078,2296.487046,1867.543731,12.302428
1079,4917.095341,5078.311387,63.421389
1080,2371.406234,2950.203591,33.967191
1081,1786.182939,1361.964186,17.381894
1082,3666.614823,3217.235358,39.74871
1083,4215.24632,4158.874272,49.668154
1084,2104.037817,2969.753588,36.497199
1085,1629.67511,1504.760298,16.946594
1086,1349.873373,1441.196727,17.313718
1087,3589.353243,3293.494852,80.080133
1088,7101.193179,7488.511155,46.495841
1089,4372.100934,3596.151845,23.656447
1090,3620.171431,4048.89281,50.355342
1091,5500.182164,4731.859183,50.238112
1092,3764.864523,2779.838615,34.056227
1093,2534.099958,2984.748196,53.020812
1094,2065.619853,2718.405932,29.396897
1095,1771.761221,2080.302827,25.510896
1096,6616.722001,6660.898717,89.312785
1097,4669.315491,5198.489257,57.178532
1098,6304.507561,4719.597684,49.986577
1099,2700.174773,3091.655025,33.997062
1100,2226.169483,2615.329759,29.271311
1101,2947.118929,2254.393208,27.40734
1102,3959.98646,4183.794977,53.202236
1103,3284.681849,2879.061937,28.181367
1104,6273.615053,5660.608023,68.878653
1105,7991.139815,7137.960788,83.170414
1106,7292.052161,5410.885357,58.701109
1107,6698.786661,5396.715513,54.516998
1108,2188.8118,2051.033638,39.235949
1109,4356.034818,2319.625446,21.364656
1110,3692.329193,2874.908562,37.877831
1111,3247.005522,2036.34748,27.367916
1112,4782.513504,4038.690303,29.017577
1113,1348.174857,998.842742,12.917476
1114,2626.761805,2401.702897,25.984686
1115,1392.599807,1011.423101,7.051683
1116,1284.91229,1259.41738,12.374332
1117,2946.23354,2643.461955,40.366307
1118,1163.872894,1608.028502,10.540048
1119,1748.79888,2046.14814,15.283141
1120,9114.555713,3276.023278,39.004199
1121,7418.765425,4495.574225,39.424187
1122,2734.62313,1472.526106,16.269088
1123,2977.122567,3814.143201,38.259341
1124,3852.598757,2446.394662,43.685153
1125,1505.902416,1203.786065,13.006955
1126,2895.407254,2027.248795,19.375798
1127,3068.993475,1937.995943,17.648207
1128,3233.477482,3128.922464,31.11907
1129,2599.02181,1865.777215,26.654734
1130,2891.964537,1954.969563,32.427397
1131,4288.537727,3323.754181,40.678867
1132,3095.543585,1898.086349,19.978049
1133,1593.28033,1369.915419,11.434152
1134,2177.12884,1955.803292,12.205578
1135,3035.004292,4571.630937,55.367036
1136,3271.967605,2748.319121,44.724719
1137,2849.063656,2194.443048,30.709361
1138,2125.99694,2948.214297,20.457768
1139,2947.170799,5079.793252,31.509989
1140,2702.335178,2941.656754,23.257064
1141,1720.607138,1433.705169,11.791199
1142,1422.719875,1583.711846,9.53354
1143,3819.189585,3020.573402,34.182915
1144,2676.50554,2746.39082,22.627631
1145,2963.544142,2325.157811,48.572351
1146,3182.615412,1796.276271,18.267305
1147,2055.123464,1587.059623,14.772587
1148,2819.54887,1960.001212,32.243802
1149,3472.736487,2494.316725,44.670119
1150,3288.940185,2280.980238,27.706257
1151,3233.264927,2091.226617,17.83065
1152,3929.985626,3033.436422,26.510615
1153,5434.081401,4596.823544,39.777712
1154,4174.231761,4575.869489,38.942428
1155,3397.868954,3604.349984,34.173345
1156,4608.280013,3927.339179,43.634035
1157,6275.532224,17748.20848,62.02527
1158,3189.452347,2173.150432,17.461845
1159,2045.414148,1447.130403,15.907768
1160,2448.147604,2026.126937,20.245604
1161,4963.756853,4621.29816,36.501216
1162,2446.875431,1457.374636,13.1102
1163,2528.025899,2237.428412,20.424872
1164,1883.659797,1176.003602,13.175345
1165,3975.867911,2270.756312,28.304899
1166,2961.631341,1547.333722,22.810744
1167,2034.898346,1195.863969,25.427602
1168,1922.220795,1132.597786,13.771342
1169,2585.956366,1418.449421,15.388399
1170,1299.464366,762.188623,11.21152
1171,3480.273454,3252.801097,34.495565
1172,1801.962978,1836.128578,16.395186
1173,2724.922337,2488.732313,25.326733
1174,5290.844613,6043.423356,31.82832
1175,3382.578693,1992.58856,31.69213
1176,3596.961648,3478.815441,35.652188
1177,2443.86921,2167.96434,28.507968
1178,1421.507354,870.741625,12.877399
1179,1543.627842,987.377539,13.510323
1180,2964.670965,1744.130344,13.551627
1181,4195.270705,2575.056014,28.958381
1182,1874.65593,1198.028682,11.458
1183,5274.006026,3794.194646,40.846354
1184,2726.946022,1925.563528,28.602809
1185,3008.429838,1820.559295,16.727395
1186,5726.25719,3419.632014,35.280338
1187,2466.449309,1813.397658,21.384675
1188,1146.091042,792.387834,5.308783
1189,5529.138245,4373.251101,37.669828
1190,1655.575274,1200.165561,10.948802
1191,1392.055308,1072.80229,10.066504
1192,2738.379579,1904.400394,16.385133
1193,2864.761892,1975.400895,16.438394
1194,2022.729658,1553.302292,12.053326
1195,4462.712273,2848.806333,17.357653
1196,2533.90623,1588.590225,16.134328
1197,3499.814365,1784.208596,13.033309
1198,4864.053662,2653.821666,22.176236
1199,3268.863723,2063.548184,15.014145
1200,6248.620271,5099.111059,46.132927
1201,2404.197059,2243.604508,19.473773
1202,4091.759419,3265.628861,36.606123
1203,3816.671056,2168.628572,27.54661
1204,2767.437473,2201.583029,19.225442
1205,2402.106221,1496.660072,12.969714
1206,1162.805774,928.202102,7.675384
1207,770.423448,525.604869,4.69792
1208,1865.631037,1805.53908,15.810107
1209,1030.702511,745.050372,9.495921
1210,1322.361566,677.450856,8.012658
1211,4876.171316,2930.152012,30.111207
1212,12029.74292,6349.114902,78.858711
1213,3038.392472,1563.128679,13.472928
1214,3102.720081,1457.669106,11.23022
1215,2791.41807,1673.728732,17.301607
1216,3158.087332,1829.846406,15.209127
1217,3599.184663,3074.853953,23.509398
1218,1670.598873,1438.853759,15.364718
1219,1211.91723,1269.025525,17.124105
1220,1606.277198,2103.260479,35.660767
1221,1078.55514,752.426118,10.207312
1222,1009.149227,902.998646,8.183689
1223,1100.741354,852.091383,5.21435
1224,4320.099692,3129.458596,23.298155
1225,2246.150468,1770.355723,19.333937
1226,3125.059551,2785.718792,40.647764
1227,3300.615578,2183.339605,13.124596
1228,1049.970685,1140.982654,9.968525
1229,1275.713197,877.948076,5.467542
1230,1000.926038,778.407124,3.952017
1231,2273.615537,1880.210795,14.845744
1232,5516.212153,4809.926922,37.377618
1233,2720.827975,1965.184668,12.724067
1234,2512.233836,1732.305528,13.875097
1235,2796.562788,2186.379383,30.865832
1236,3068.646666,2249.211511,14.709488
1237,3779.931594,3057.460667,19.824089
1238,6429.849377,4172.792374,41.069407
1239,2504.715125,2555.378064,15.131471
1240,2660.403673,2772.819422,21.22466
1241,3494.319942,3374.327924,49.407326
1242,2710.049588,2312.956312,22.564265
1243,3645.573565,1691.054901,23.246207
1244,3850.259346,2893.495851,19.539535
1245,5544.459999,3609.309703,26.738082
1246,3626.874244,5014.013512,35.127896
1247,2110.766618,2026.43854,11.526539
1248,5218.524831,6816.819369,59.977747
1249,3456.002025,4231.187469,48.007788
1250,2889.03461,5042.012692,46.053598
1251,5429.877041,6628.039571,103.144217
1252,3086.570271,6711.640795,62.151491
1253,3259.317472,3120.440908,52.450132
1254,3402.610021,2347.638703,24.931414
1255,6459.136986,6302.836604,83.908482
1256,2192.740946,2212.875268,18.457935
1257,1699.779304,1549.852831,20.066282
1258,977.285588,989.649005,12.712126
1259,2854.793935,1833.986833,24.592978
1260,1617.381484,905.873206,9.983778
1261,1444.240837,712.480685,15.593144
1262,2053.264404,1093.200533,11.393591
1263,1329.473329,757.013699,11.030572
1264,1109.744285,547.544112,7.974358
1265,1081.885207,546.365513,10.893419
1266,1227.063926,742.020754,6.451133
1267,2229.861556,1735.884858,22.556303
1268,2623.64554,1952.339969,23.600935
1269,4250.58623,4467.320564,89.705862
1270,862.590298,520.336293,12.132071
1271,1051.229432,925.275514,7.245288
1272,710.65659,1133.517698,19.265907
1273,3113.348208,1859.447235,35.753179
1274,7480.160029,4774.732203,58.008921
1275,2156.138201,934.206095,13.253781
1276,1539.241989,779.980445,9.960502
1277,691.005867,358.285863,4.285849
1278,4288.615882,3835.482409,37.48742
1279,2953.207904,1680.675683,46.772784
1280,2779.423815,2206.875485,34.268338
1281,4216.553278,3403.783378,58.823125
1282,1305.547339,947.806809,17.732077
1283,2130.584922,1211.932734,38.316344
1284,1253.327997,799.123124,17.938007
1285,1626.605826,832.712337,20.408123
1286,1168.493136,742.834495,10.985288
1287,1152.420658,511.189933,12.837911
1288,2271.85596,2441.867994,34.028409
1289,2829.552962,2106.349857,23.164939
1290,2478.707223,1259.453946,12.598584
1291,2580.131865,971.447982,22.125114
1292,2592.90193,2028.39251,18.364697
1293,2746.693408,1515.538532,19.410506
1294,3104.827377,1358.834982,13.205432
1295,2236.126466,1100.546394,16.159881
1296,3186.67831,2904.895418,43.696447
1297,5110.500317,4374.01578,51.945545
1298,3655.158661,2789.355092,35.534
1299,3028.109858,2196.263683,30.595306
1300,2384.364142,1453.570696,31.314775
1301,2125.224783,1143.8752,17.337101
1302,2959.087433,1197.020803,30.690927
1303,2800.640755,1515.872591,20.880987
1304,2044.210602,1030.906286,25.461515
1305,5356.468184,4367.830284,53.649418
1306,1259.12105,1172.043355,14.114807
1307,2160.037748,1289.296695,12.651997
1308,1974.581042,1100.738747,11.258167
1309,1955.649862,1096.65387,22.895326
1310,3679.03096,1393.02524,50.319865
1311,989.068364,448.022321,9.23747
1312,2631.812675,1703.237431,15.290017
1313,2151.59382,1938.511322,13.186054
1314,1660.018084,1814.90964,6.531964
1315,2650.615454,3207.241625,33.036408
1316,3348.539546,1688.870028,44.335105
1317,3478.593411,2010.399435,40.947831
1318,1716.743358,953.122757,11.427726
1319,1467.370827,1787.847424,24.586589
1320,1168.146336,1243.264851,12.297803
1321,2232.218901,2764.519975,16.99034
1322,2400.193806,1994.479376,14.021318
1323,2455.479389,1793.929202,15.741784
1324,1817.164314,1386.415557,14.569483
1325,3630.511386,2801.410531,27.532873
1326,810.19319,579.080206,3.573743
1327,4695.040477,3727.03036,47.925608
1328,3571.983615,2359.939301,43.214302
1329,2198.069296,1407.681349,23.253178
1330,1733.267094,1436.812134,11.733485
1331,976.10655,891.458691,5.278484
1332,4317.783604,2969.401096,8.397613
1333,1189.073761,630.292242,8.172352
1334,1564.915862,792.998063,35.766548
1335,1948.945539,1091.862398,20.294888
1336,1364.499825,1131.821414,78.175335
1337,1015.933232,568.859361,13.454752
1338,2502.347268,1479.568452,9.18025
1339,1855.844193,975.345267,25.806364
1340,1680.316583,964.535322,11.50402
1341,1012.425612,644.245548,6.86799
1342,1333.429348,625.720685,15.955984
1343,1185.216512,532.652048,15.569518
1344,1804.469467,1950.480101,24.298964
1345,2360.61489,2523.906485,28.066644
1346,2092.150861,2162.981187,24.830566
1347,1619.51204,1213.667582,23.703388
1348,1173.540457,1491.961591,16.680399
1349,3827.132716,2530.884771,62.055301
1350,2122.46871,1970.189053,16.698351
1351,2455.963415,2015.139169,36.404887
1352,1317.543598,1413.493504,16.029912
1353,2873.029263,2321.238193,32.294922
1354,1147.152651,1382.641668,14.583285
1355,1601.822315,982.283497,15.074187
1356,1953.209543,1658.599139,23.286395
1357,1710.310188,2512.142309,15.317006
1358,1879.838848,1411.687201,13.276351
1359,2016.325502,1816.267478,16.602843
1360,3947.434373,3211.984896,37.90422
1361,5340.092316,4201.35641,31.534324
1362,1465.539162,643.292181,8.930106
1363,1401.897306,1549.627149,12.778693
1364,2919.157421,2108.353586,36.975749
1365,1655.953836,992.967551,8.572684
1366,1496.870313,1125.053557,9.571549
1367,2777.787674,2862.128207,33.211581
1368,2317.38893,2849.197148,25.564908
1369,5309.651683,6374.345214,96.761729
1370,3061.354572,3956.305892,47.159457
1371,2377.908138,2951.274527,43.653992
1372,2027.316741,2362.346066,33.627203
1373,2829.722116,2202.183055,28.439991
1374,719.152567,607.623539,6.945215
1375,1475.39081,3529.849243,24.54488
1376,887.721295,789.59728,6.851951
1377,2093.924332,10619.09641,50.474072
1378,2012.490371,12647.41444,39.14464
1379,786.793245,2309.85772,14.822548
1380,1773.64626,4584.677458,28.205506
1381,1788.957291,1304.09688,12.381599
1382,914.168879,699.109812,6.150865
1383,1567.93428,6982.101014,35.860903
1384,1640.085368,2611.851231,17.343733
1385,1187.156672,1456.48943,13.96358
1386,2101.71624,1267.677669,16.217956
1387,11560.05588,11220.50385,66.779189
1388,3066.784978,3383.205271,22.939875
1389,2470.177912,1318.587942,36.936649
1390,1897.5986,2056.116658,27.52343
